rank_number,filename
1,v1.md
2,accounts-api.md
3,ping.md
4,funds.md
5,margin.md
6,orderbook.md
7,gttorderbook.md
8,tradebook.md
9,positionbook.md
10,holdings.md
11,analyzer-status.md
12,analyzer-toggle.md
13,orders-api.md
14,placeorder.md
15,placesmartorder.md
16,placegttorder.md
17,optionsorder.md
18,optionsmultiorder.md
19,basketorder.md
20,splitorder.md
21,modifyorder.md
22,modifygttorder.md
23,cancelorder.md
24,cancelgttorder.md
25,cancelallorder.md
26,closeposition.md
27,orderstatus.md
28,openposition.md
29,data-api.md
30,quotes.md
31,multiquotes.md
32,depth.md
33,history.md
34,intervals.md
35,symbol.md
36,search.md
37,syntheticfuture.md
38,expiry.md
39,optionsymbol.md
40,option-chain.md
41,optiongreeks.md
42,multioptiongreeks.md
43,ticker.md
44,instruments.md
45,utilities-api.md
46,holidays.md
47,timings.md
48,telegram.md
49,whatsapp.md
50,websockets.md
51,order-constants.md
52,http-status-codes.md
53,rate-limiting.md
54,api-collections.md
